catalog_id,name,created_at
1,Automotive,2025-07-19 14:3
2,Home,2024-08-14 12:23:54
3,Food - Deli,2025-04-12 10:36:01
4,Food - Bakery,2024-09-01 21:39:23
5,Food - Condiments,2025-06-08 19:59:43
6,Food - Prepared Foods,2024-12-22 15:16:18
7,Outdoor,2025-01-27 07:48:36
8,Food - Frozen Meals,2025-01-10 08:00:31
9,Fitness,2025-06-27 05:57:32
10,Food - Condiments,2024-10-04 04:11:19
11,Food - Produce,2024-10-13 05:45:18
12,Home,2025-06-18 02:27:54
13,Bathroom,2024-09-16 19:21:03
14,Health,2025-02-17 05:44:41
15,Clothing - Outerwear,2025-01-26 10:20:40
16,Home Appliances,2024-10-07 20:03:04
17,Garden,2024-11-25 19:45:24
18,Food - Snacks,2024-10-28 15:08:30
19,Home,2025-05-30 03:40:13
20,Food - Grains,2024-12-19 14:06:01
21,Health,2025-06-16 02:11:07
22,Garden,2025-05-16 14:12:18
23,Food - Frozen Meals,2025-07-04 14:15:53
24,Toys,2025-05-26 15:07:00
25,Food - Meal Kits,2024-09-21 16:23:56
26,Food - Prepared Foods,2025-07-09 15:25:38
27,Art Supplies,2025-01-04 06:48:36
28,Food - Bakery,2025-06-19 07:57:39
29,Home,2024-11-08 19:22:21
30,Fitness,2025-07-22 20:13:30
31,Pets,2024-11-16 02:32:32
32,Computers,2024-11-05 01:52:48
33,Automotive,2025-05-15 09:35:42
34,Audio,2025-04-05 09:32:51
35,Food - Condiments,2024-08-17 13:17:10
36,Gaming,2025-03-06 23:29:45
37,Food - Seafood,2024-11-08 01:09:39
38,Home,2024-10-05 09:44:41
39,Kitchen,2024-11-19 21:49:07
40,Food - Fresh Produce,2024-10-16 21:13:08
41,Food - Dairy,2025-07-18 12:18:11
42,Kitchen,2024-10-25 05:26:33
43,Home,2024-12-18 05:35:32
44,Home Appliances,2025-07-04 01:00:42
45,Food - Pantry,2025-06-29 20:09:40
46,Food - Grains,2025-07-11 01:09:29
47,Food - Seafood,2025-02-26 18:20:20
48,Food - Dairy,2024-10-11 06:23:51
49,Safety,2025-07-13 23:23:18
50,Kitchen,2024-11-29 20:26:50
51,Home,2024-10-05 17:36:18
52,Automotive,2025-08-01 11:52:19
53,Kitchen,2024-08-21 08:19:45
54,Outdoor,2024-11-26 18:10:01
55,Accessories,2024-12-08 17:41:53
56,Food - Salads,2024-12-18 04:40:28
57,Home,2025-03-29 20:56:41
58,Automotive,2024-08-16 21:32:42
59,Food - Snacks,2024-08-21 23:09:11
60,Kitchen,2025-03-01 03:14:51
61,Pets,2025-07-29 01:28:01
62,Home Security,2025-01-25 08:31:21
63,Fitness,2025-05-28 10:27:19
64,Food - Condiments,2025-03-02 02:15:12
65,Food - Bakery,2024-11-19 02:26:15
66,Food - Snacks,2024-10-26 22:49:29
67,Food - Nuts,2024-12-06 09:02:24
68,Food - Snacks,2025-02-24 00:04:32
69,Automotive,2024-10-13 23:58:57
70,Clothing - Dresses,2025-03-16 12:06:46
71,Food - Meat,2024-09-05 04:54:38
72,Clothing - Outerwear,2024-09-26 20:19:44
73,Kitchen,2024-11-09 16:18:14
74,Beauty,2025-08-10 04:40:05
75,Toys,2024-09-28 00:37:57
76,Food - Snacks,2024-11-28 04:32:05
77,Clothing - Tops,2025-01-23 15:48:28
78,Home,2025-07-20 09:53:44
79,Accessories,2025-01-26 16:51:58
80,Kitchen,2024-10-09 22:46:25
81,Food - Soups,2025-04-10 21:42:35
82,Food - Dairy,2024-10-21 14:01:50
83,Food - Baking,2024-09-14 07:59:05
84,Audio,2025-07-02 23:17:55
85,Kitchen,2024-11-24 03:46:48
86,Food - Fresh Produce,2025-03-21 07:59:42
87,Food - Prepared Foods,2024-09-10 01:48:51
88,Food - Sauces,2024-09-24 02:21:12
89,Travel,2024-10-06 08:26:55
90,Accessories,2024-11-25 01:33:17
91,Food - Baking,2024-10-02 05:58:07
92,Food - Frozen Foods,2025-06-16 04:46:16
93,Food - Frozen Food,2025-06-03 15:21:17
94,Food - Sides,2025-02-18 09:40:25
95,Office,2025-01-23 16:41:59
96,Food - Grains,2025-04-30 03:20:04
97,Home,2025-07-20 09:06:48
98,Food - Produce,2024-09-15 04:23:59
99,Automotive,2025-04-18 23:03:57
100,Food - Freezer,2025-06-17 08:27:03
